hotel_id,name,address,city,state_province,postal_code,latitude,longitude,star_rating,high_rate,low_rate
219370,Dumont NYC-an Affinia hotel,150 E. 34th Street at Lexington Avenue,New York,NY,10016,40.74624,-73.97929,4,349.74,299.24
109277,Park Central New York,870 7th Ave,New York,NY,10019,40.76452,-73.98078,4,191,190
116103,Blakely New York,136 W 55th St,New York,NY,10019,40.76366,-73.97965,4.5,206.46,205.46
415836,Pod 39,145 East 39th Street,New York,NY,10016,40.74929,-73.9767,3,220.0373,130.0206
351449,Sheraton Tribeca New York Hotel,370 Canal Street,New York,NY,10013,40.72102,-74.00418,4,350.18,219.18
343224,Chelsea Savoy Hotel,204 W 23rd Street,New York,NY,10011,40.74422,-73.99596,2,176.41,175.41
326046,"Distrikt Hotel New York City, an Ascend Collection Hotel",342 W 40th St,New York,NY,10018,40.75679,-73.99273,3.5,219.34,129.34
358061,Element New York Times Square West,311 West 39th Street,New York,NY,10018,40.75565,-73.99193,3.5,474.21,299.16
421592,Hyatt Union Square New York,134 Fourth Avenue,New York,NY,10003,40.73347,-73.98989,4,589.0867,543.1791
438922,Hyatt Centric Times Square New York,135 W 45th St,New York,NY,10036,40.75739,-73.98417,4,683.7359,412.9442
172653,"Hudson New York, Central Park",358 W 58th St,New York,NY,10019,40.76836,-73.98476,4,469.08,131.05
125617,Excelsior Hotel,45 W 81st St,New York,NY,10024,40.78295,-73.97385,3.5,448.8286,328.8777
438630,WestHouse New York,201 West 55th Street,New York,NY,10019,40.76442,-73.98144,5,510.49,370.23
124573,DoubleTree Suites by Hilton New York City - Times Square,1568 Broadway,New York,NY,10036,40.75904,-73.98475,4,439.19,259.11
226121,The Westin New York at Times Square,270 W 43rd Street,New York,NY,10036,40.75779,-73.98902,4.5,309.45,304.45
145146,Paramount Times Square,235 West 46th Street,New York,NY,10036,40.75946,-73.98712,4,419.17,182.96
112922,New York Hilton Midtown,1335 Avenue Of The Americas,New York,NY,10019,40.76225,-73.97874,4,899.04,203.16
360465,DoubleTree by Hilton New York City - Financial District,8 Stone St,New York,NY,10004,40.70402,-74.01242,4,449.0811,329.1227
133146,The Franklin Hotel,164 E 87th St,New York,NY,10128,40.77989,-73.9544,3.5,319.35,224.76
424023,Refinery Hotel,63 W 38th St,New York,NY,10018,40.75211,-73.98546,5,439.37,279.37
273736,DoubleTree by Hilton Hotel New York - Times Square South,341 West 36th Street,New York,NY,10018,40.75422,-73.9943,4,409.43,332.43
279075,DoubleTree by Hilton New York City - Chelsea,128 West 29th Street,New York,NY,10001,40.74716,-73.99128,4,249.33,212.33
199889,W New York - Times Square,1567 Broadway At 47th St,New York,NY,10036,40.75936,-73.98512,4.5,616.6,381.61
163823,The Redbury New York,29 East 29th Street,New York,NY,10016,40.74501,-73.98426,4,479.34,229.34
416820,The Westin New York Grand Central,212 East 42nd Street,New York,NY,10017,40.75041,-73.97378,4.5,679.1567,499.1459
131795,"The Roosevelt Hotel, New York City",45 E 45th Street,New York,NY,10017,40.75458,-73.97749,4,359.22,229.06
217460,Hotel St. James,109 W. 45TH ST.,New York,NY,10036,40.75704,-73.98331,2.5,310.23,309.23
332678,Flatiron Hotel,9 West 26th Street,New York,NY,10010,40.74393,-73.98938,4,299.46,199.46
163194,The Gallivant Times Square,234 W 48th St,New York,NY,10036,40.76068,-73.98617,3.5,349.13,199.13
278067,Ace Hotel New York,20 West 29th Street,New York,NY,10001,40.74587,-73.98823,4,1048.983,177.6384
361504,The Pearl New York,233 West 49th Street,New York,NY,10019,40.76127,-73.98565,4,612.9219,264.3803
377242,YOTEL New York at Times Square,570 Tenth Avenue,New York,NY,10036,40.75918,-73.9958,4,429,259
324037,Four Points by Sheraton Midtown-Times Square,326 W 40th Sreet,New York,NY,10018,40.75659,-73.99224,3.5,460.77,286.48
219447,Shelburne NYC-an Affinia hotel,303 Lexington Avenue,New York,NY,10016,40.74848,-73.9782,4,369.08,149.04
439332,Viceroy Central Park New York,120 W 57th St,New York,NY,10019,40.76479,-73.97831,5,779.08,209.27
321582,Staybridge Suites Times Square,340 W 40 Street,New York,NY,10018,40.75673,-73.99261,3.5,359.2,252.16
125729,Empire Hotel,44 W 63rd St,New York,NY,10023,40.77158,-73.9826,4,230.64,229.64
163794,The Iroquois New York,49 West 44th Street,New York,NY,10036,40.7557,-73.98211,4,649.0596,399.0207
124901,The Lucerne Hotel,201 W 79th St,New York,NY,10024,40.7833,-73.97866,4,349.36,249.16
414769,Hyatt Place New York Midtown South,52 West 36th Street,New York,NY,10018,40.75058,-73.98567,3.5,320.16,319.16
117801,The Mansfield Hotel,12 W 44th St,New York,NY,10036,40.75518,-73.981,4,325,324
115902,New York Marriott Marquis,1535 Broadway,New York,NY,10036,40.75823,-73.98546,4.5,640.41,310.41
150310,NYLO New York City,2178 Broadway at W 77th St,New York,NY,10024,40.78225,-73.98025,4,158.934,108.9535
438712,Residence Inn New York Manhattan/Central Park,1717 Broadway,New York,NY,10019,40.76427,-73.98245,3.5,444.01,339.01
262491,Hampton Inn Manhattan Soho,54 Watts St,New York,NY,10013,40.72366,-74.00533,3,419.05,134.13
339013,Kimpton Hotel Eventi,851 Avenue of the Americas,New York,NY,10001,40.74719,-73.9897,5,699.17,499.17
121657,Travel Inn Hotel,515 W 42nd St,New York,NY,10036,40.75993,-73.99612,2.5,161.4,160.4
324226,Andaz Wall Street - a concept by Hyatt,75 Wall St,New York,NY,10005,40.70503,-74.00762,4.5,292.1304,242.1499
203969,The Premier New York Times Square,133 W 44th St,New York,NY,10036,40.75671,-73.98448,4.5,329.24,215.19
344720,The Nolitan,30 Kenmare St,New York,NY,10012,40.72072,-73.99526,3.5,215.49,200.49
198937,The Kimberly Hotel & Suites,145 E 50th St,New York,NY,10022,40.75614,-73.97151,4,1650.2533,188.286
114218,Park Lane Hotel,36 Central Park S,New York,NY,10019,40.76522,-73.97516,4,324.11,159.06
348293,NoMo SoHo,9 Crosby Street,New York,NY,10013,40.71992,-74.0003,4.5,945.19,375.18
340156,InterContinental - New York Times Square,300 W 44th St,New York,NY,10036,40.75874,-73.98932,4.5,789.17,369.15
202307,"The Renwick Hotel New York City, Curio Collection by Hilton",118 E 40th St,New York,NY,10016,40.75036,-73.97747,4,409.47,199.47
163790,Hampton Inn Times Square North,851 8th Ave,New York,NY,10019,40.76323,-73.98545,3,439.04,158.86
275398,Four Points by Sheraton Manhattan SoHo Village,66 Charlton St,New York,NY,10013,40.72718,-74.00601,3.5,460.74,310.71
432739,Courtyard New York Manhattan/Times Square West,307 W 37th St,New York,NY,10018,40.75435,-73.99268,3.5,399.06,259.04
126896,The Tuscany - A St Giles Signature Hotel,120 E 39th Street,New York,NY,10016,40.74981,-73.97808,4,374.14,274
332763,World Center Hotel,144 Washington St,New York,NY,10006,40.70947,-74.01394,4,409.23,219.19
126913,Wyndham New Yorker,481 Eighth Ave.,New York,NY,10001,40.75253,-73.99322,4,319.07,139.03
126106,The Kitano New York,66 Park Ave,New York,NY,10016,40.74962,-73.97962,4.5,539.0279,269.014
109362,Omni Berkshire Place,21 E 52nd Street,New York,NY,10022,40.75927,-73.97502,4.5,1000.21,1000
134388,Row NYC,700 8th Avenue,New York,NY,10036,40.75905,-73.98844,4,299.04,159.021
6295,The Manhattan at Times Square Hotel,790 7th Ave,New York,NY,10019,40.76205,-73.98259,4,260.15,180.13
234777,Residence Inn by Marriott New York Manhattan/Times Square,1033 Avenue Of The Americas,New York,NY,10018,40.75273,-73.98566,3.5,649.27,273.14
112522,Wellington Hotel,871 Seventh Ave,New York,NY,10019,40.76446,-73.98082,3,411.021,179.0094
163820,Hotel Sofitel New York,45 W 44th St,New York,NY,10036,40.75561,-73.9819,4.5,1036.1801,223.2
249659,Hilton Garden Inn Tribeca,39 Avenue of the Americas,New York,NY,10013,40.72108,-74.00534,3.5,369.02,211.66
336187,Hilton New York Fashion District,152 W 26th Street,New York,NY,10001,40.74572,-73.99364,4,189.79,129.79
237052,The Marmara Manhattan,301 E 94th St,New York,NY,10128,40.78285,-73.94776,3.5,403.9642,285.1102
163728,Ameritania at Times Square,230 W 54th Street,New York,NY,10019,40.76415,-73.9828,3.5,419.0622,289.0416
219433,Stewart Hotel,371 7th Ave,New York,NY,10001,40.74892,-73.99218,4,334,249
148866,Crowne Plaza Times Square Manhattan,1605 Broadway At 49th St,New York,NY,10019,40.76025,-73.98478,4,459.16,243.12
367406,The Gotham Hotel,16 E 46th St,New York,NY,10017,40.75566,-73.97814,4.5,679,221
390179,TRYP By Wyndham Times Square South,345 W 35th Street,New York,NY,10001,40.75359,-73.99473,4.5,399.21,269
114036,Novotel New York - Times Square,226 W 52nd St,New York,NY,10019,40.76288,-73.98363,4,218.9156,158.934
163758,Amsterdam Court Hotel,226 W 50th St,New York,NY,10019,40.76184,-73.98505,3,300,299
153584,La Quinta Inn & Suites New York City Central Park,31 W 71st St,New York,NY,10023,40.7761,-73.97777,2.5,199.24,169.2
312110,"Marriott Vacation Club Pulse, New York City",33 West 37 Street,New York,NY,10018,40.75111,-73.985,4,454.05,175.03
349751,Andaz 5th Avenue - a concept by Hyatt,485 5th Ave,New York,NY,10017,40.75287,-73.98134,4.5,845.06,345
292875,Night Hotel Times Square,157 West 47th Street,New York,NY,10036,40.75898,-73.98405,4,379,239
253420,Hilton Garden Inn New York/Manhattan-Chelsea,121 W 28th St,New York,NY,10001,40.74648,-73.99158,3.5,224.0587,143.7464
430306,Best Western Premier Herald Square,50 W 36th St,New York,NY,10018,40.75053,-73.98556,3,440.0534,225.2745
263234,Holiday Inn Express - New York City Chelsea,232 W 29th St,New York,NY,10001,40.74853,-73.9945,3,214.39,176.39
163796,DoubleTree by Hilton Metropolitan - New York City,569 Lexington Ave,New York,NY,10022,40.75695,-73.97208,4,199.32,159.32
200316,Gardens NYC-an Affinia hotel,215 E 64th St,New York,NY,10065,40.76424,-73.96326,3.5,369.44,232.44
197539,The Wall Street Inn,9 S William St,New York,NY,10004,40.70466,-74.01046,3,245.0515,164.9857
128996,Millenium Hilton,55 Church Street,New York,NY,10007,40.71124,-74.01068,4,199.45,169.45
200065,Le Parker Meridien New York,119 W. 56th Street,New York,NY,10019,40.76409,-73.97873,4.5,479.42,239.42
311346,Holiday Inn Express New York City- Wall Street,126 Water St,New York,NY,10005,40.70544,-74.00712,3,140.0073,139.0073
407095,Wyndham Garden Chinatown,93 Bowery,New York,NY,10002,40.71695,-73.99562,4,309.48,242.48
142043,Hotel Pennsylvania,401 7th Ave,New York,NY,10001,40.74996,-73.99137,2.5,469,169
109227,The Evelyn Hotel,7 E 27th St,New York,NY,10016,40.74381,-73.98713,3.5,329.0455,169.0299
150387,Millennium Broadway New York Times Square,145 W 44th St,New York,NY,10036,40.75689,-73.9849,4,339.0544,289.0416
272526,Hampton Inn New York - 35th Street - Empire State Building,59 W 35th St,New York,NY,10001,40.75013,-73.98651,3,339.33,299.33
353129,The James New York,27 Grand St,New York,NY,10013,40.72284,-74.00471,4.5,595,295
352529,Cassa Hotel 45th Street,70 West 45th St.,New York,NY,10036,40.75647,-73.98212,4,891.6393,609.0939
430580,"Club Quarters Hotel, Grand Central",128 East 45th Street,New York,NY,10017,40.75325,-73.97441,4,289.41,169.41
361485,The Jewel facing Rockefeller Center,11 West 51st Street,New York,NY,10017,40.75958,-73.9778,4,439,219
117112,Hotel Edison,228 W 47th St,New York,NY,10036,40.7598,-73.98603,3,909,379
122563,The Lombardy,111 E 56th St,New York,NY,10022,40.76066,-73.97058,4,409.33,309.33
316461,Dream Midtown,210 West 55th Street,New York,NY,10019,40.76458,-73.98183,4,669.27,319
258349,Comfort Inn Times Square South Area,305 West 39th Street,New York,NY,10018,40.75555,-73.99174,3,269.44,249.44
355972,Courtyard by Marriott New York Manhattan/SoHo,181 Varick St,New York,NY,10014,40.72752,-74.0055,3.5,529.02,239.01
125509,Loews Regency New York Hotel,540 Park Avenue,New York,NY,10065,40.76446,-73.96885,5,999.4,479.4
266211,Holiday Inn Manhattan 6th Ave - Chelsea,125 W 26th St,New York,NY,10001,40.74522,-73.99244,3.5,209.35,162.35
263989,Holiday Inn Express New York City Fifth Avenue,15 West 45th Street,New York,NY,10036,40.75577,-73.98031,3,419.04,189.02
422002,Holiday Inn Express Manhattan Times Square South,60 West 36th Street,New York,NY,10018,40.75108,-73.98685,3,369,135.16
106930,Hilton Garden Inn Times Square,790 Eighth Ave.,New York,NY,10019,40.76112,-73.98695,3.5,414.0578,293.5276
105816,Sheraton New York Times Square Hotel,811 7th Ave,New York,NY,10019,40.76264,-73.98213,4,663.32,464.32
114221,Residence Inn by Marriott New York Manhattan/Midtown East,148 E 48th St,New York,NY,10017,40.75512,-73.97292,3.5,484.09,195.06
109318,Lotte New York Palace,455 Madison Ave,New York,NY,10022,40.75823,-73.97453,4.5,1195.41,349.41
241086,"Club Quarters Hotel, opposite Rockefeller Center",25 West 51st St Entrance A,New York,NY,10019,40.75982,-73.97835,4,329.19,279
383834,Dream Downtown,355 W 16th St,New York,NY,10011,40.74195,-74.00369,4.5,5000.3501,299.36
106069,Grand Hyatt New York,109 East 42nd Street,New York,NY,10017,40.75167,-73.97659,4,1129,375.66
109730,"The Lexington New York City, Autograph Collection",511 Lexington Ave at 48th St.,New York,NY,10017,40.75508,-73.97338,4,160.0316,159.0316
112923,Waldorf Astoria New York,301 Park Avenue,New York,NY,10022,40.75658,-73.97432,4.5,280.4,210.4
325735,Trump Soho New York,246 Spring Street,New York,NY,10013,40.72563,-74.00558,5,1905.3199,345.32
135149,The Roger,131 Madison Ave,New York,NY,10016,40.74584,-73.98435,4,580.28,199.16
428011,SpringHill Suites by Marriott New York Midtown Manhattan,25 West 37th St,New York,NY,10018,40.75101,-73.98472,3.5,458.02,206.01
426344,Hampton Inn Manhattan/United Nations,231 E 43rd St,New York,NY,10017,40.75074,-73.97233,3,329.26,179.69
424524,Fairfield Inn & Suites New York Midtown Manhattan/Penn Station,325 W 33rd St,New York,NY,10001,40.75208,-73.99527,3,679.03,189.02
163777,Hilton Times Square,234 W 42nd St,New York,NY,10036,40.75679,-73.98874,4,409.06,289.83
309093,Fairfield Inn by Marriott New York Manhattan/Times Square,330 West 40th Street,New York,NY,10018,40.75665,-73.99238,3,459.03,197.02
427937,Courtyard by Marriott New York Manhattan/Herald Square,71 W 35th St,New York,NY,10001,40.75037,-73.98708,3.5,339.04,309.04
143951,Bentley Hotel,500 E 62nd St,New York,NY,10065,40.76055,-73.95833,4,419.4,319.4
124700,Courtyard by Marriott New York City Manhattan Fifth Avenue,3 E 40th St,New York,NY,10016,40.75199,-73.98132,3.5,304.02,269.02
124094,The Shoreham Hotel,33 West 55th Street,New York,NY,10019,40.76234,-73.97652,4,280.47,174.47
409752,Soho Garden Hotel,276 Canal Street,New York,NY,10013,40.71918,-74.00165,2.5,300.4602,160.7015
207138,Hampton Inn New York Chelsea,108 W 24th St,New York,NY,10011,40.74383,-73.99297,3,389.0567,339.0544
270634,Candlewood Suites New York City-Times Square,339 W 39th Street,New York,NY,10018,40.75615,-73.99311,3,319.15,237.15
244448,Wingate by Wyndham Manhattan Midtown,235 W 35th St,New York,NY,10001,40.75217,-73.99139,3,329.39,237.39
441795,United Nations Apartment Hotel,302 E 45th St,New York,NY,10017,40.75152,-73.97037,2.5,400,399
106038,ONE UN New York,One United Nations Plaza,New York,NY,10017,40.75051,-73.96978,4,959.2,290.19
423782,Hampton Inn Manhattan/Downtown-Financial District,32 Pearl St,New York,NY,10004,40.7032,-74.01247,3,439.24,208.17
272124,Holiday Inn New York City - Wall Street,51 Nassau St.,New York,NY,10038,40.70888,-74.00908,3.5,204.0099,169.0088
134540,Pod 51,230 E 51st St,New York,NY,10022,40.75589,-73.96899,3,275.41,150.41
139959,Washington Jefferson Hotel,318 W 51st St,New York,NY,10019,40.76345,-73.98687,3.5,279.46,259.46
143863,The Time New York,224 West 49th Street,New York,NY,10019,40.76112,-73.98529,4,299.45,159.45
163766,Belnord Hotel,209 West 87th Street,New York,NY,10024,40.78872,-73.97534,2.5,151.0278,150.0278
440402,Courtyard by Marriott New York Manhattan / Chelsea,135 West 30th Street,New York,NY,10001,40.74803,-73.9914,3.5,339.01,179.01
140878,The Moderne,243 W 55th St,New York,NY,10019,40.76508,-73.98301,3.5,429.03,259.01
140893,The Belvedere Hotel,319 W 48th St,New York,NY,10036,40.76153,-73.98816,3.5,513.8045,358.8563
469458,Gansevoort Park Avenue NYC,420 Park Ave South,New York,NY,10016,40.74386,-73.98377,4.5,710.23,275.17
270602,Holiday Inn Express New York City Times Square,343 W 39th Street,New York,NY,10018,40.75619,-73.99322,3,306.0163,248.0131
462387,West Side YMCA,5 West 63rd Street,New York,NY,10023,40.77081,-73.98074,2,162.65,121.35
116175,The Gregory,42 W 35th St,New York,NY,10001,40.74988,-73.98597,4,304.35,259.35
196593,Park South Hotel,124 E 28th,New York,NY,10016,40.74288,-73.98305,4,408.4091,308.9944
171177,The Kimpton Muse Hotel,130 W 46th St,New York,NY,10036,40.75798,-73.98362,4.5,579.46,278.46
174153,Dylan Hotel NYC,52 E 41st St,New York,NY,10017,40.75193,-73.97926,4,454,274.55
341910,W New York - Downtown,8 Albany Street,New York,NY,10006,40.70946,-74.01394,4.5,389.19,179.45
374895,Hotel 48LEX New York,517 Lexington Avenue,New York,NY,10017,40.75525,-73.9732,4.5,1539.38,339.06
413222,Comfort Inn Midtown West,548 W 48th Street,New York,NY,10036,40.7643,-73.99477,2.5,249.24,229.24
266936,Hotel Henri by Wyndham,37 W 24th Street,New York,NY,10010,40.74309,-73.99118,4,341.1493,251.1326
139910,Hotel Elysee by Library Hotel Collection,60 E 54th St,New York,NY,10022,40.76006,-73.97301,4,609.37,429.37
126897,W New York,541 Lexington Ave,New York,NY,10022,40.75615,-73.97266,4,404.3,149.3
260426,Duane Street Hotel Tribeca,130 Duane St,New York,NY,10013,40.71604,-74.00731,4,649.22,259.08
139938,Casablanca Hotel by Library Hotel Collection,147 W 43rd St,New York,NY,10036,40.7563,-73.98553,4,360.6726,310.3097
140899,Americana Inn,69 W 38th St,New York,NY,10018,40.75215,-73.98557,2,119.45,114.45
125511,Warwick New York,65 W 54th St,New York,NY,10019,40.76226,-73.97826,4.5,339.05,269.04
274141,Kimpton Ink48 Hotel,653 11th Avenue,New York,NY,10036,40.76445,-73.99569,4.5,639.15,440.15
273466,Hampton Inn Manhattan/Times Square South,337 West 39th Street,New York,NY,10018,40.75611,-73.993,3,329.05,199.06
122074,"Carlton Hotel, Autograph Collection",88 Madison Avenue,New York,NY,10016,40.74437,-73.98548,4,359.38,159.38
111484,Salisbury Hotel,123 W 57th St,New York,NY,10019,40.76484,-73.9784,3,557,254
276597,"GEM Hotel - Chelsea, an Ascend Hotel Collection Member",300 W 22nd Street,New York,NY,10011,40.74466,-73.99907,3,379,199
135539,The Marcel at Gramercy,201 E 24th St,New York,NY,10010,40.73936,-73.98234,4,519.22,309.04
278721,Hilton Garden Inn New York/West 35th Street,63 West 35th Street,New York,NY,10001,40.75022,-73.98672,3,449.0678,263.2364
126898,Iberostar 70 Park Avenue,70 Park Ave,New York,NY,10016,40.7498,-73.9795,4,838.672,314.1253
364443,Hyatt Herald Square New York,30 W 31st St,New York,NY,10001,40.74716,-73.98749,4,429.39,319.39
192357,"Club Quarters Hotel, Wall Street",52 William St,New York,NY,10005,40.70686,-74.00907,4,399.1278,259.0887
122350,Washington Square Hotel,103 Waverly Pl,New York,NY,10011,40.73226,-73.99867,3.5,320.4,282.8945
229528,Renaissance New York Hotel 57,130 East 57th Street,New York,NY,10022,40.76103,-73.96951,4,449.37,259.37
251284,36 Hudson Hotel,"449 West 36th Street, Midtown West",New York,NY,10018,40.75564,-73.99765,3,179,109.6097
135096,"The Algonquin Hotel Times Square, Autograph Collection",59 W 44th St,New York,NY,10036,40.75584,-73.98244,4,529.35,299.35
170510,The Library Hotel by Library Hotel Collection,299 Madison Ave,New York,NY,10017,40.75219,-73.97973,4,539.0872,399.0207
422103,Holiday Inn Express New York - Manhattan West Side,538 West 48th Street,New York,NY,10036,40.76417,-73.99447,3,349.21,212.17
197409,Hotel 31,120 E 31st St,New York,NY,10016,40.74473,-73.98165,2,259.02,80.1
163765,Hotel Belleclaire,250 W 77th St,New York,NY,10024,40.78264,-73.98122,3.5,479.05,242.4
198706,City Club Hotel,55 W 44th St,New York,NY,10036,40.75577,-73.98229,4,289.44,189.44
462386,Vanderbilt YMCA,224 East 47th Street,New York,NY,10017,40.75344,-73.97097,2,195.1605,154.1267
144002,The Manhattan Club,200 West 56th Street,New York,NY,10019,40.76502,-73.98097,4,500.46,309
219391,The Benjamin,125 E 50th St,New York,NY,10022,40.75638,-73.97209,4.5,449.49,353.12
332637,"Club Quarters Hotel, World Trade Center",140 Washington St,New York,NY,10006,40.70947,-74.01394,4,290.47,289.47
143688,Fitzpatrick Manhattan Hotel,687 Lexington Ave,New York,NY,10022,40.76072,-73.9693,4,290.49,289.49
106394,JW Marriott Essex House New York,160 Central Park S,New York,NY,10019,40.76652,-73.97825,4.5,1499.02,314.02
117363,The London NYC,151 W 54th St,New York,NY,10019,40.76328,-73.98065,4.5,2579.1799,299.06
125636,NH New York Jolly Madison Towers,22 East 38th Street,New York,NY,10016,40.75014,-73.98082,3.5,400.0495,363.0399
217106,The Milburn Hotel,242 W 76th St,New York,NY,10023,40.78204,-73.98173,3,259.33,159.33
231553,"The Pierre, A Taj Hotel, New York",2 E 61st St,New York,NY,10065,40.76534,-73.97222,5,1075.46,489.46
144360,Fitzpatrick Grand Central,141 E 44th St,New York,NY,10017,40.75248,-73.97446,4,229.43,228.43
297426,New York Inn,765 8th Ave,New York,NY,10036,40.76024,-73.98761,2.5,118.5477,117.5477
192073,The Bryant Park Hotel,40 W 40th St,New York,NY,10018,40.75296,-73.98368,4,775.1191,245.0384
169343,Conrad New York,102 North End Avenue,New York,NY,10282,40.71505,-74.01601,5,461.0829,269.0617
375716,The SunBright,140 Hester Street,New York,NY,10013,40.7174,-73.99585,1,174,162
425346,Bowery Grand Hotel,143 Bowery,New York,NY,10002,40.71901,-73.99454,1,48.01,45.01
120829,Royalton Times Square,44 W 44th St,New York,NY,10036,40.75571,-73.98216,4.5,349.0528,219.0322
172820,Broadway Plaza Hotel,1155 Broadway,New York,NY,10001,40.74441,-73.98891,3.5,279.4,239.4
125910,Off Soho Suites Hotel,11 Rivington St,New York,NY,10002,40.72133,-73.99266,2,359.17,159.15
189272,Hotel 17,225 E 17th St,New York,NY,10003,40.73473,-73.98467,2,169.17,115.16
244926,Hotel Mela Times Square,120 W 44th St,New York,NY,10036,40.75656,-73.98419,4,269.25,169.09
126895,The Court - A St Giles Hotel,130 East 39th Street,New York,NY,10016,40.74967,-73.97776,4,299.04,199.0249
308872,The Jane Hotel,113 Jane St,New York,NY,10014,40.73818,-74.00969,2,275,122.6779
179766,The Roger Smith Hotel,501 Lexington Ave,New York,NY,10017,40.75477,-73.97364,3,339.11,189.61
223558,Hampton Inn Madison Square Garden Area Hotel,116 W 31 Street,New York,NY,10001,40.74826,-73.99003,3,349.18,233.16
140901,Hotel Newton,2528 Broadway,New York,NY,10025,40.79369,-73.97239,3,209.09,159.08
197983,Hotel Chandler,12 E 31st St,New York,NY,10016,40.74617,-73.98508,4.5,519.1,269.1
152238,Mayfair New York,242 W 49th St,New York,NY,10019,40.76135,-73.98583,3,189.23,149.11
121375,Hotel Wales,1295 Madison Ave,New York,NY,10128,40.78501,-73.9558,3.5,369.39,309.61
138167,Courtyard by Marriott New York City Manhattan Midtown East,866 3rd Avenue,New York,NY,10022,40.75748,-73.96959,3.5,349.42,329.42
203420,The Sohotel,341 Broome St,New York,NY,10013,40.71956,-73.99449,3,419.4,257.4
128770,Hilton Manhattan East,304 E 42nd St,New York,NY,10017,40.74963,-73.97179,4,459.17,359
225633,Hotel On Rivington,107 Rivington Street,New York,NY,10002,40.71993,-73.98799,4,420.35,277.01
322838,Comfort Inn Times Square West,343 W 44th St,New York,NY,10036,40.75938,-73.99083,2.5,309.2544,129.1062
150406,Days Hotel Broadway,215 W 94th St,New York,NY,10025,40.79318,-73.97229,2.5,253.5589,160.2731
269032,The Hotel 91,91 E Broadway,New York,NY,10002,40.71372,-73.99365,3,206.14,177.78
131561,Skyline Hotel,725 10th Ave,New York,NY,10019,40.76425,-73.9921,3,438.8276,268.8961
267335,Best Western Bowery Hanbee Hotel,231 Grand St,New York,NY,10013,40.7186,-73.99526,3,309.1,203.32
339551,Courtyard by Marriott New York Manhattan/Times Square,114 W 40th St,New York,NY,10018,40.75391,-73.98598,3.5,512.04,169.03
124520,New York Marriott Downtown,85 West St,New York,NY,10006,40.70977,-74.01474,4,569.03,244.01
200512,Gatsby Hotel ñ an Ascend Hotel Collection Member,135 E Houston St,New York,NY,10002,40.72334,-73.99028,3,229.48,219.48
130744,The Michelangelo Hotel,152 W 51st St,New York,NY,10019,40.76165,-73.98265,4.5,629.34,379.34
125480,Eurostars Wall Street,129 Front Street A,New York,NY,10005,40.70523,-74.00638,4,260.19,230.17
219432,Fifty NYC-an Affinia hotel,155 E 50th St,New York,NY,10022,40.75594,-73.97108,4,519.03,179.56
235899,Courtyard by Marriott New York Manhattan/Upper East Side,410 E 92nd St,New York,NY,10128,40.78039,-73.94588,3.5,309.0383,229.0411
129023,"The Carlyle, A Rosewood Hotel",35 E 76th St,New York,NY,10021,40.77461,-73.96338,5,4100.04,730.03
203621,Magnuson Convention Center Hotel,522 W 38th St,New York,NY,10018,40.75761,-73.99852,3,250.35,220.35
206674,Hotel Metro,45 W 35th St,New York,NY,10001,40.74995,-73.98611,3,469.3,359.3
218485,Four Points by Sheraton Manhattan - Chelsea,160 W 25th St,New York,NY,10001,40.7451,-73.99412,3,839.07,374.78
215798,Wyndham Midtown 45 at New York City,205 E 45th St,New York,NY,10017,40.75252,-73.97258,3,259.21,233.21
144414,Avalon Hotel,16 E 32nd Street,New York,NY,10016,40.74673,-73.98448,4,489.22,224.44
120257,Clarion Hotel Park Avenue,429 Park Ave S,New York,NY,10016,40.74417,-73.98338,2.5,229.0305,219
125871,San Carlos Hotel,150 E 50th St,New York,NY,10022,40.75607,-73.97134,4.5,389.76,309.41
114697,Gramercy Park Hotel,2 Lexington Ave,New York,NY,10010,40.73848,-73.9855,5,529,329
152696,"Gild Hall, A Thompson Hotel",15 Gold Street,New York,NY,10038,40.70795,-74.00711,4.5,558.6078,408.561
174141,W New York - Union Square,201 Park Ave S,New York,NY,10003,40.73653,-73.98899,4.5,689.8068,433.8948
219368,The Surrey,20 E 76th St,New York,NY,10021,40.77449,-73.96387,5,1945.49,595
256774,Hotel 309,309 W 14th St,New York,NY,10014,40.73984,-74.00276,2,149.11,109.12
365654,Fairfield Inn & Suites by Marriott New York ManhattanChelsea,116 W 28th St,New York,NY,10001,40.74638,-73.99134,3,248.9185,196.9329
358950,Aloft Harlem,2296 Frederick Douglass Boulevard,New York,NY,10027,40.80921,-73.95184,3.5,249.0983,234.0491
246640,Hotel 373 Fifth Avenue,373 5th Ave,New York,NY,10016,40.74918,-73.98403,3,319.0166,179.0094
120922,Morgans,237 Madison Ave,New York,NY,10016,40.74992,-73.98139,4,459.08,228.06
170490,Hotel Giraffe by Library Hotel Collection,365 Park Ave S,New York,NY,10016,40.74214,-73.98489,4,514.4563,269.046
149429,Radisson Martinique on Broadway,49 W 32nd St,New York,NY,10001,40.7482,-73.98798,3.5,450.06,245.07
113922,Hotel Plaza Athenee,37 E 64th St,New York,NY,10065,40.76642,-73.96844,5,1199.37,548.37
118630,The Lowell,28 East 63rd Street,New York,NY,10065,40.76587,-73.9691,5,2085.46,795.46
240327,Econo Lodge Times Square,302 W 47th St,New York,NY,10036,40.76058,-73.98789,2.5,279.04,169.02
183263,Seaport Inn,33 Peck Slip,New York,NY,10038,40.70793,-74.00154,3,320.42,319.42
213134,Hampton Inn Manhattan-Seaport-Financial District,320 Pearl Street,New York,NY,10038,40.70901,-74.00224,3,178.936,143.0394
140911,Manhattan Broadway Budget Hotel,273 W 38th St,New York,NY,10018,40.75454,-73.99121,2,289.36,145.43
200004,the Quin,101 West 57th Street at Sixth Avenue,New York,NY,10019,40.76426,-73.97707,5,860.1313,279.0433
410799,Holiday Inn NYC - Lower East Side,150 Delancey St,New York,NY,10002,40.71805,-73.98643,4,249.33,178.33
265087,New World Hotel,101 Bowery,New York,NY,10002,40.71759,-73.99526,1.5,85.03,50.01
240713,Blue Moon Boutique Hotel,100 Orchard St,New York,NY,10002,40.7186,-73.99001,3,194.9198,55.2394
266457,Windsor Hotel,108 Forsyth St,New York,NY,10002,40.71873,-73.99269,2,213.4636,194.4955
125206,New York Marriott East Side,525 Lexington Ave,New York,NY,10017,40.75553,-73.97305,4,409.35,188.35
277344,"Smyth, A Thompson Hotel",85 West Broadway,New York,NY,10007,40.71525,-74.00943,5,620.23,475.23
311820,Comfort Inn Manhattan Bridge,61-63 Chrystie Street,New York,NY,10002,40.71657,-73.99466,2.5,209.0338,199
141417,The Peninsula New York,700 Fifth Avenue at 55th street,New York,NY,10019,40.76165,-73.9749,5,3145.22,795.21
217136,Best Western Plus Hospitality House,145 E 49th Street,New York,NY,10017,40.75559,-73.97216,3,691.0963,690.0963
435095,Hotel Boutique at Grand Central,447 Lexington Avenue,New York,NY,10017,40.75313,-73.97481,4,478.8193,258.8951
120256,"Night Hotel Theater District, Times Square",132 West 45th Street,New York,NY,10036,40.75735,-73.98407,4,889.1,449.04
128083,Renaissance New York Times Square Hotel,714 7th Ave,New York,NY,10036,40.75968,-73.9843,4,839.2,529.18
105314,The Plaza Hotel,Fifth Avenue at Central Park South,New York,NY,10019,40.76424,-73.97388,5,3225.1599,725.17
163809,"Club Quarters Hotel, Midtown",40 W 45th St,New York,NY,10036,40.7561,-73.98119,4,349.23,279.23
122267,Cosmopolitan Hotel - Tribeca,95 West Broadway (at Chambers),New York,NY,10007,40.71551,-74.00926,3,489.0717,389.0567
196447,"The Ritz-Carlton New York, Battery Park",2 West St,New York,NY,10004,40.7053,-74.01722,5,1695.3,365.3
432171,Fairfield Inn & Suites New York Manhattan/Downtown East,95 Henry St,New York,NY,10002,40.71313,-73.99286,2.5,329.19,197.16
189672,RIFF Chelsea,300 W 30th St,New York,NY,10001,40.7498,-73.99566,2,294.61,167.83
310147,Carvi Hotel New York,152 E 55th St,New York,NY,10022,40.75927,-73.96924,3,129.44,99.44
221403,Seton Hotel,144 E 40th Street,New York,NY,10016,40.74976,-73.97619,3,388.24,380.24
198683,The Sherry Netherland,781 5th Ave,New York,NY,10022,40.76453,-73.97285,4.5,1169.3199,529.31
323397,The MAve nyc,62 Madison Avenue,New York,NY,10016,40.74347,-73.98612,3,405.07,404.07
257190,Hilton Club New York,1335 Avenue of the Americas,New York,NY,10019,40.7621,-73.97883,4,379.03,360.05
371468,Harlem Bed and Breakfast,54 West 120th Street,New York,NY,10027,40.80401,-73.9465,1.5,195,165
356439,"The Chatwal, a Luxury Collection Hotel, New York City",130 W. 44th Street,New York,NY,10036,40.75668,-73.98445,5,3406.3999,695.39
225936,Room Mate Grace Boutique Hotel,125 W 45th St,New York,NY,10036,40.75729,-73.98393,3.5,474.05,229.03
131734,Four Seasons Hotel New York,57 E 57th Street,New York,NY,10022,40.76197,-73.97158,5,4061.209,4060.209
417755,Carlton Arms Hotel,160 East 25th Street,New York,NY,10010,40.74027,-73.98262,2,121.49,120.49
222985,"The Solita Soho Hotel, an Ascend Hotel Collection Member",159 Grand St,New York,NY,10013,40.71988,-73.99888,3,379.03,149.01
211803,"Mandarin Oriental, New York",80 Columbus Circle at 60th Street,New York,NY,10023,40.76919,-73.98283,5,3993.45,694.7334
326792,Upper West Side Brownstone,110 West 81st Street,New York,NY,10024,40.78354,-73.97515,3,291,290
323984,Allies' Inn Bed and Breakfast,313 West 136th Street,New York,NY,10030,40.81751,-73.94678,3,341,215
418634,Hotel Five44,544 West 48 St,New York,NY,10036,40.76417,-73.99446,3,209,172.22
325235,Fairfield Inn by Marriott New York Manhattan/Fifth Avenue,21 W 37th St,New York,NY,10018,40.75109,-73.98495,3,395.0662,188.0321
370651,The Towers at Lotte New York Palace,455 Madison Avenue,New York,NY,10022,40.75814,-73.97536,5,1199.916,476.9539
310373,West 57th Street by Hilton Club,102 West 57th Street,New York,NY,10019,40.76453,-73.97778,4,1029.3101,360.31
183435,The Towers of the Waldorf Astoria New York,100 E 50th St,New York,NY,10022,40.75691,-73.97335,5,10000,1099
123947,Trump International Hotel & Tower New York,1 Central Park W,New York,NY,10023,40.76905,-73.98125,5,2155.302,476.1801
106256,"The Ritz-Carlton New York, Central Park",50 Central Park S,New York,NY,10019,40.76552,-73.97589,5,3495.5322,695.0901
445815,Hilton Garden Inn New York/Central Park South-Midtown West,237 West 54th Street,New York,NY,10019,40.76432,-73.98316,3.5,400.02,279.01
452020,Hotel 32 32,32 E 32nd Street,New York,NY,10016,40.74621,-73.98335,4,315.17,255.17
447051,The High Line Hotel,180 Tenth Avenue,New York,NY,10011,40.74612,-74.0053,4,679,229
457060,Hilton Garden Inn New York/Midtown Park Ave,45 E 33rd St,New York,NY,10016,40.74666,-73.98242,3.5,478.8466,438.8885
309378,The St. Regis New York,Two East 55th St,New York,NY,10022,40.7615,-73.97451,5,1360.34,743.34
117020,The Mark,Madison Ave at 77th Street,New York,NY,10075,40.77515,-73.96343,5,3488.48,518.47
454244,Hilton Garden Inn New York-Times Square Central,136 West 42nd Street,New York,NY,10036,40.75546,-73.98561,3.5,324.12,269.15
451622,Hilton Garden Inn New York/Manhattan-Midtown East,206 East 52nd Street,New York,NY,10022,40.75684,-73.9693,3.5,389.0201,233.1678
451663,Park Hyatt New York,153 West 57th Street,New York,NY,10019,40.76515,-73.97912,5,2950.4485,725.1063
352611,"Langham Place, New York, Fifth Avenue",400 Fifth Avenue,New York,NY,10018,40.75009,-73.98337,5,2000.1801,695.18
463902,citizenM New York Times Square,218 West 50th Street,New York,NY,10019,40.76172,-73.98481,4,409.0639,201.5536
438668,Courtyard by Marriott New York Manhattan / Central Park,1717 Broadway,New York,NY,10019,40.76421,-73.98246,3.5,599.02,180.01
199830,Hotel Beacon,2130 Broadway at 75th Street,New York,NY,10023,40.78075,-73.9813,4,548.7896,278.8971
445763,Archer Hotel New York,45 West 38th St,New York,NY,10018,40.75186,-73.98488,4.5,369.47,319.47
446818,Homewood Suites New York/Midtown Manhattan Times Square,312 West 37th Street,New York,NY,10018,40.75445,-73.99301,3.5,669.06,251.1
448797,The Lex NYC,67 Lexington Avenue,New York,NY,10010,40.74017,-73.98426,3.5,289.0411,229.1306
117809,Life Hotel Nomad,19 West 31st Street,New York,NY,10001,40.74704,-73.98713,4,637.085,397.171
214272,Chelsea Inn,46 W 17th St,New York,NY,10011,40.73884,-73.99444,3,235.06,154.88
448418,Hotel Hugo,525 Greenwich Street,New York,NY,10013,40.72649,-74.00906,4.5,408.6471,318.7251
449349,East Village Hotel,147 1st Ave,New York,NY,10003,40.72827,-73.98508,3,199.49,199.34
264181,Royal Park Hotel and Hostel,258 West 97th Street,New York,NY,10025,40.79571,-73.97217,2.5,109.76,109.41
531096,Hampton Inn Manhattan/Times Square Central,220 West 41st St.,New York,NY,10036,40.75582,-73.98858,3.5,239.34,199.34
528352,Holiday Inn New York City - Times Square,585 8th Ave,New York,NY,10018,40.75502,-73.99138,3.5,389.05,143.68
536312,Hotel Shocard at Times Square,206 West 41st Street,New York,NY,10036,40.75553,-73.98795,3,189.16,169.14
538736,Cambria hotel & suites New York - Times Square,30 W 46th St,New York,NY,10036,40.75668,-73.98049,3,329.45,229.45
484183,The Knickerbocker Hotel,6 Times Square,New York,NY,10036,40.75575,-73.98626,5,585.32,335.32
463569,Harlem YMCA,180 West 135th Street,New York,NY,10030,40.81496,-73.94284,2,119.17,118.17
513814,Executive Hotel Le Soleil New York,38 W 36th St,New York,NY,10018,40.75043,-73.98538,4,279,249
525165,EVEN Hotel Times Square South,321 West 35th Street,New York,NY,10001,40.75329,-73.99404,4,375.43,279.43
549970,Renaissance New York Midtown Hotel,218 West 35th Street,New York,NY,10035,40.75197,-73.9909,4,264.31,189.31
536247,RIU Plaza New York Times Square,"305 West, 46th Street",New York,NY,10036,40.76006,-73.98854,4,558.96,491.27
106208,InterContinental New York Barclay,111 East 48th Street,New York,NY,10017,40.75543,-73.97373,4.5,589.0305,380.0196
557438,INNSIDE New York NoMad,132 West 27th Street,New York,NY,10001,40.74618,-73.99275,4.5,909.139,309.0489
487932,Baccarat Hotel and Residences New York,28 West 53rd Street,New York,NY,10019,40.76095,-73.97718,5,2100.1899,800
453134,The Marmara Park Avenue,114 East 32nd Street,New York,NY,10016,40.74526,-73.98163,5,505.71,405.71
479845,"The Paul, an Ascend Hotel Collection Member",32 West 29th Street,New York,NY,10001,40.74622,-73.98907,4,409.04,199.02
532245,Safehouse Suites Manhattan,1600 Broadway,New York,NY,10019,40.76037,-73.98467,5,10888.5,5990.25
474782,Cambria hotel & suites New York - Chelsea,123 W. 28th Street,New York,NY,10001,40.74654,-73.99171,3,448.8286,328.8777
508330,NYC Vacation Suites,Various Addresses,New York,NY,10019,40.79107,-73.95143,3.5,550,450
474689,Fairfield Inn New York Manhattan/Financial District,161 Front Street,New York,NY,10038,40.70602,-74.00518,3,399.03,158.02
482692,Vacayo Premium East Side Apartments,Various Addresses,New York,NY,10002,40.72393,-73.99006,4,347.6,346.6
467771,NobleDEN Hotel,196 Grand Street,New York,NY,10013,40.71916,-73.99688,4,424.6318,283.8004
540690,Orchard Street Hotel,163 Orchard Street,New York,NY,10002,40.72108,-73.98871,3,400,399
452310,Upper East Side Apartments,1593 Second Ave,New York,NY,10028,40.77662,-73.9568,3,600,599
481441,1 Hotel Central Park,1414 Avenue of the Americas,New York,NY,10019,40.76483,-73.97685,5,880.44,613.04
524599,Arlo Hudson Square,231 Hudson Square,New York,NY,10013,40.72424,-74.00784,4,639.1,179
507704,The New York EDITION,5 Madison Avenue,New York,NY,10010,40.74139,-73.98759,5,1150.02,697.03
546771,The Bowery Suites,26 Vandam St,New York,NY,10013,40.72612,-74.00418,4,407,406
548029,Hotel Cliff,505 W 181st Street,New York,NY,10033,40.84841,-73.93139,2.5,197.9023,178.0074
446071,Comfort Inn Lower East Side,154 Madison Street,New York,NY,10002,40.71238,-73.99274,3,209.0338,199
480680,Hotel Indigo Lower East Side New York,171 Ludlow Street,New York,NY,10002,40.72174,-73.9875,4.5,469,324.7217
485393,Residence Inn Marriott New York Downtown Manhattan/WTC Area,170 Broadway,New York,NY,10007,40.70966,-74.01009,3.5,459.04,179.02
323725,Midtown West Vacation Rentals,Various Addresses,New York,NY,10018,40.78998,-73.94884,3,250.205,249.205
551201,Edge Hotel,514 W. 168th St.,New York,NY,10032,40.84023,-73.93775,3.5,329.3,239.3
506937,Q&A Residential Hotel,70 Pine Street,New York,NY,10005,40.70629,-74.00786,4,1259.1864,239.0394
477741,Holiday Inn Manhattan-Financial District,99 Washington St,New York,NY,10006,40.70833,-74.01436,4,168.9669,123.9754
480123,Aloft Manhattan Downtown - Financial District,49-53 Ann Street,New York,NY,10038,40.71032,-74.00678,3,292.61,262.59
490800,RIFF Downtown,102 Greenwich Street,New York,NY,10006,40.70834,-74.01343,3,219.26,149.12
460019,Jet Luxury at the Trump SoHo,246 Spring Street,New York,NY,10013,40.72562,-74.00546,5,901.7,483.11
468906,The Central Park North,137 W 111th street,New York,NY,10026,40.79946,-73.9535,2.5,199.1739,144.6204
204099,Morningside Inn,235 W 107th St.,New York,NY,10025,40.80177,-73.96672,2,151.34,150.34
570379,Beautiful Studio Near Central Park,244 East 71st Street,New York,NY,10021,40.76824,-73.95922,3,181.44,180.44
600829,Fairfield Inn & Suites New York Manhattan / Central Park,538 W 58th St,New York,NY,10019,40.77048,-73.98968,3,339.05,169.04
564246,Vacayo Affordable East Side Apartments,Various Addresses,New York,NY,10009,40.72672,-73.98313,3.5,270.92,269.92
563844,Vacayo Affordable West Side Apartments,Various Addresses,New York,NY,10011,40.71278,-74.00594,3.5,245.69,244.69
578930,3 West Club,3 W 51st Street,New York,NY,10019,40.75967,-73.97729,3.5,250.33,249.33
604895,The Melva Inn - Harlem,68 West 120 Street,New York,NY,10027,40.80416,-73.94685,2.5,149.1227,119.098
569477,Bryant Park Studio Apartment next to Times Square,West 38th Street and 6th Avenue,New York,NY,10018,40.75229,-73.98589,3,179.936,178.936
581345,Courtyard New York Downtown Manhattan/World Trade Center,133 Greenwich Street,New York,NY,10006,40.70944,-74.01299,3,459.08,175.06
561017,Central Park West Hostel,201 W 87th Street,New York,NY,10024,40.7885,-73.97483,2,40,31
578732,EVEN Hotel New York- Midtown East,221 East 44th Street,New York,NY,10017,40.75166,-73.97252,4,249.44,189.44
580538,HGU New York,34 East 32nd Street,New York,NY,10016,40.74619,-73.98319,4,429.45,279.45
589913,Heritage Hotel,18 West 25th Street,New York,NY,10010,40.74338,-73.98999,2.5,209.0338,129.0155
594561,Hyatt House New York/Chelsea,815 Ave of the Americas,New York,NY,10001,40.74619,-73.99041,3.5,424,394
581922,Green Holidays Apartments,38 West 31st Street,New York,NY,10001,40.7473,-73.98775,3.5,271.0395,270.0395
566907,Sago Hotel,120 Allen Street,New York,NY,10002,40.71953,-73.99007,4,800.44,333.97
564451,Executive Class at MTS Hotel,790 7th Ave.,New York,NY,10019,40.76194,-73.98266,4,455,255
570372,Cozy Studio,250 East 50th Street,New York,NY,10022,40.755,-73.96885,3.5,183.1747,182.1747
570383,Beautiful 1 Bedroom Apartment,953 Columbus Avenue,New York,NY,10025,40.79974,-73.96243,3.5,151.31,150.31
569202,New York Guest Suites,135 West 28th Street,New York,NY,10029,40.74673,-73.99215,3,110,105
601517,Four Seasons New York Downtown,27 Barclay St,New York,NY,10007,40.71254,-74.00931,5,1500.15,579.16
571290,Four Points By Sheraton New York Downtown,6 Platt St,New York,NY,10038,40.70748,-74.00625,3.5,305.48,214.46
571541,The Park Ave North,65 East 129th Street,New York,NY,10035,40.8078,-73.93765,3,239,205.7794
606085,Arlo NoMad,11 East 31st Street,New York,NY,10016,40.74619,-73.98512,4,569.05,179
580015,The Bernic Hotel,145 East 47th Street,New York,NY,10017,40.75424,-73.9728,4,379,299
562580,Raintree at The Manhattan Club,200 W 56th St,New York,NY,10019,40.76501,-73.98093,3.5,0,0
563115,11 Howard,11 Howard Street,New York,NY,10013,40.71925,-73.99999,5,519.0772,319.0472
601627,Green Acre,239 East 51st Street Apartment 1E,New York,NY,10022,40.75584,-73.96886,3,201.47,200.47
569437,"The Beekman, A Thompson Hotel",123 Nassau Street,New York,NY,10038,40.71137,-74.00669,5,419.5237,418.5237
569487,Amazing Studio in the Heart of Manhattan,17 East 67th Street,New York,NY,10065,40.76878,-73.96818,3.5,154.5253,153.5253
606307,Renovated 2 BR Central Park,769-779 9th Avenue,New York,NY,10036,40.76472,-73.98806,3.5,230.41,229.41
206503,Beekman Tower by Bridgestreet,3 Mitchell Place,New York,NY,10017,40.75329,-73.96608,3.5,254.16,206.14
616259,Hello Apartments NYC,38 West 31st Street,New York,NY,10001,40.74716,-73.9878,3.5,261.0412,260.0412
639317,DoubleTree by Hilton New York Times Square West,350 W 40th St,New York,NY,10018,40.75682,-73.99298,4,269.47,199.47
622053,Hotel 50 Bowery NYC,"50 Bowery, East Village",New York,NY,10013,40.71584,-73.99641,4,340.0544,339.0544
223460,AKA Central Park,42 West 58th Street,New York,NY,10019,40.76451,-73.97555,4,744.38,325.38
636273,Hotel Richland New York,5 Allen Street,New York,NY,10002,40.71473,-73.9931,2.5,229,209
202295,Oakwood at The Nash,222 East 39th Street,New York,NY,10016,40.74837,-73.97466,4,452,388.739
598637,AKA Wall Street,84 William Street,New York,NY,10038,40.70801,-74.00778,4,869.44,395.44
615827,Beautiful Studio near Central Park,943 Columbus Avenue,New York,NY,10025,40.79935,-73.96245,3.5,181.15,180.15
642699,Four Points By Sheraton Manhattan Midtown West,446 10th Ave,New York,NY,10001,40.75506,-73.99868,3,220.0373,162.0258
647656,Gansevoort Meatpacking,18 9th Avenue at 13th street,New York,NY,10018,40.73989,-74.00579,4.5,545.45,285.45
653548,Crowne Plaza Midtown Manhattan,320 W 36th St,New York,NY,10018,40.75374,-73.99374,2.5,269.13,243.13
140910,Carnegie Hotel,160 W 56th St New York,New York,NY,10019,40.76674,-73.98084,4,490,249
192381,Broadway Hotel and Hostel,230 W 101st St,New York,NY,10025,40.79801,-73.96987,2,168.34,95.34
653543,The Watson Hotel,440 West 57th Street,New York,NY,10019,40.76823,-73.98745,3.5,249.32,229.32
658840,Astor on the Park,465 Central Park West,New York,NY,10025,40.79974,-73.95889,3,209.33,149.33
659207,Hotel Hayden,127 West 28th Street,New York,NY,10001,40.7466,-73.99179,4,250.48,249.48
663607,Embassy Suites by Hilton New York Midtown Manhattan,60 West 37th Street,New York,NY,10018,40.75142,-73.98575,3.5,649.42,521.42
675077,Saint Nicholas Inn,154th Street,New York,NY,10032,40.83071,-73.94302,2.5,150.7901,112.8715
679739,Hilton Garden Inn New York Times Square South,326 W 37th St,New York,NY,10018,40.75447,-73.99357,3,0,0